
INSERT INTO `application` VALUES (1,'58ecec76-a65b-4b45-8955-eb49c7b7f7b7','Gh',6,'1.6');

INSERT INTO `brand` VALUES (29,'Caleno'),(30,'Hảo Hảo'),(31,'Thiên Long'),(32,'Dutch Lady'),(34,'Lạc Xuân'),(45,'Kinh Đô'),(46,'Honey Bee');

INSERT INTO `category` VALUES (2,'Đồ gia dụng'),(4,'Bánh'),(5,'Kẹo'),(6,'Sách'),(23,'Sữa'),(27,'Kem'),(33,'Đồ ăn nhanh'),(36,'Mứt'),(48,'Banh Mut'),(49,'Sach Tre'),(50,'kkk');

INSERT INTO `configuration` (`app_key`, `policy_price`, `tax`, `created_at`, `updated_at`)  VALUES ('dc4ebd38-8221-4d03-89b1-521d472c672e','{\"defaultSalesPrice\": \"BANLE\", \"fixPriceSellingType\": \"APPLY_ENTIRE_SALES_CHANEL\", \"defaultPurchasePrice\": \"GIANHAP\", \"suggestLatestSellingPrice\": true}','{\"taxInclusive\": false, \"defaultSalesTax\": \"VAT10\", \"defaultPurchaseTax\": \"VAT10\"}','2022-12-22 12:03:46',NULL);

INSERT INTO `employee` (`id`, `created_at`, `updated_at`, `birthday`, `email`, `full_name`, `gender`, `phone_number`) VALUES (1,'2022-12-14 16:27:16',NULL,NULL,'fxphunguyen@gmail.com','Phú Nguyễn','x-small','0381235432'),(2,'2022-12-14 16:27:16',NULL,NULL,'np.quyngoc@gmail.com','Nguyễn Ngọc','x-small','0123456789'),(3,'2022-12-14 16:27:16',NULL,NULL,'dohonghuy@gmail.com','Đỗ Hồng Huy','x-small','0989989789'),(4,'2022-12-14 16:27:16',NULL,NULL,'phuocnguyen@gmail.com','Phước Nguyễn','x-small','0339998877'),(5,'2022-12-14 16:27:16',NULL,NULL,'sang@gmail.com','Sang Đặng','x-small','0889998887'),(6,'2022-12-14 16:27:16',NULL,NULL,'khanh@gmail.com','Khanh Hoàng','x-small','0999999999');

INSERT INTO `payment_method` (`id`, `title`) VALUES ('BANK_TRANSFERS','Chuyển khoản'),('CARD','Quẹt thẻ'),('CASH','Tiền mặt'),('COD','COD'),('LOYALTY_POINTS','Thanh toán bằng điểm');

INSERT INTO `pricing_policy` VALUES (1,'BANLE','Giá bán lẻ','SALE'),(2,'GIANHAP','Giá nhập','PURCHASE'),(3,'BANBUON','Giá bán buôn','SALE');

INSERT INTO `customer_group` (`id`, `cus_grp_code`, `title`, `payment_method_id`, `description`, `discount`, `created_at`, `updated_at`, `pricing_policy_id`, `cus_grp_type`) VALUES (1,'VIP','VIP','CASH','quen',15,'2022-12-28 23:44:24','2023-01-11 17:26:42.378647',1,'FIXED'),(2,'BANBUON','Bán buôn','CASH','quen',7,'2022-12-28 23:44:24','2023-01-11 17:26:42.378647',2,'FIXED'),(3,'BANLE','Bán Lẻ','CASH','quen',0,'2022-12-28 23:44:24','2023-01-11 17:26:42.378647',3,'FIXED');

INSERT INTO `customer` (`id`, `email`, `full_name`, `status`, `gender`, `description`, `birthday`, `phone_number`, `customer_code`, `employee_id`, `cus_group_id`, `created_at`, `updated_at`) VALUES (385,'cu.tran@codegym.vn','Thiên Thiên','AVAILABLE','NAM','khách hàng quen','2023-01-15 00:00:00','0987654320','CUZN00385',1,2,'2022-12-14 16:27:16','2023-01-16 16:08:32');

INSERT INTO `product` VALUES (25,'2022-12-22 12:03:46','2022-12-23 08:51:31.444962',0,'PVN7794',29,27,0,'',17997.00,100,22000.00,'PVN7794','AVAILABLE',1,'Kem Khoai Môn','Hộp',20000.00),(26,'2022-12-22 13:51:16','2022-12-29 22:13:17.911209',0,'PVN2818',32,23,0,'',8000.00,80,1000.00,'PVN2818','AVAILABLE',0,'Sữa cô bé HaLan','Hộp',9000.00),(27,'2022-12-22 13:51:26','2022-12-29 11:56:47.718237',0,'PVN2985',NULL,NULL,0,'',0.00,0,0.00,'PVN2985','UNAVAILABLE',0,'Bánh bông lan','',0.00),(28,'2022-12-22 13:52:59','2022-12-29 22:13:28.093587',1,'PVN6378',31,6,0,'',5000.00,50,8000.00,'PVN6378','AVAILABLE',0,'Vở 96 trang','Quyển',7000.00),(29,'2022-12-22 15:01:43','2022-12-23 15:32:15.411382',1,'PVN6379',34,36,0,'Ngon',0.00,100,0.00,'PVN6379','AVAILABLE',0,'Mứt dừa Bến Tre','Bao',0.00),(31,'2022-12-23 08:52:55','2022-12-28 11:18:25.424288',1,'PVN2215',45,4,0,'',15000.00,180,32000.00,'PVN2215','AVAILABLE',1,'Bánh Cosy','Hộp',30000.00),(32,'2022-12-23 08:53:55','2022-12-29 22:13:28.093587',1,'PVN8436',32,23,0,'',5000.00,30,8000.00,'PVN8436','AVAILABLE',0,'Sữa Milo','',7000.00),(33,'2022-12-23 08:55:00','2022-12-28 11:18:25.423290',0,'PVN2806',29,27,0,'',8000.00,45,12000.00,'PVN2806','AVAILABLE',0,'Kem Ốc Quế','Cái',10000.00),(47,'2022-12-23 11:29:11','2022-12-28 11:18:25.422285',1,'PVN205',34,36,0,'Them moi',70000.00,6,120000.00,'PVN707','AVAILABLE',1,'Mứt xoài','Hộp',80000.00),(48,'2022-12-23 11:29:37','2022-12-30 08:23:49.635528',0,'PVN209',29,4,1,'Them moi',300000.00,8,350000.00,'PVN700','AVAILABLE',0,'Socola','Thùng',330000.00),(49,'2022-12-23 11:30:29','2022-12-28 11:18:15.538181',0,'PVN3241',NULL,5,0,'Kẹo bắp dẻo. Hương vị của tuổi thơ',0.00,0,0.00,'PVN3241','AVAILABLE',0,'Kẹo bắp dẻo','bao',0.00),(50,'2022-12-23 14:06:24','2022-12-29 21:57:28.134383',0,'PVN701',34,36,0,'Them moi',70000.00,6,90000.00,'PVN701','AVAILABLE',1,'Mứt Dừa','Hộp',80000.00),(51,'2022-12-23 14:06:25','2022-12-29 21:57:28.134383',0,'PVN1003',30,4,0,'Them moi',300000.00,8,350000.00,'PVN1003','AVAILABLE',0,'Chip Chip','Thùng',330000.00),(52,'2022-12-23 14:37:10','2022-12-29 21:57:28.134383',0,'PVN7435',46,36,0,'',149968.00,200,180000.00,'PVN7435','AVAILABLE',0,'Hạt Dinh Dưỡng','',170000.00),(53,'2022-12-24 13:54:14','2022-12-29 21:57:28.134383',0,'PVN8668',31,6,0,'',10000.00,90,15000.00,'PVN8668','AVAILABLE',0,'Sổ Da','Quyển',12000.00),(56,'2022-12-26 14:58:10','2022-12-29 12:56:12.536600',0,'PVN1154',NULL,NULL,1,'',1200000.00,170,2000000.00,'PVN1154','AVAILABLE',0,'Nước Hoa','chiếc',1700000.00),(59,'2022-12-27 16:57:06','2022-12-30 08:23:26.543351',0,'PVN777',31,2,0,'Them moi',70000.00,6,120000.00,'PVN777','AVAILABLE',1,'Bột giặt','Hộp',80000.00),(60,'2022-12-27 16:57:07','2022-12-29 21:53:17.210047',0,'PVN1001',29,33,1,'Them moi',300000.00,8,350000.00,'PVN1001','UNAVAILABLE',0,'Miến khô','Thùng',330000.00),(61,'2022-12-27 16:59:53','2022-12-29 21:53:17.210047',1,'PVN8142',31,6,1,'Them moi san pham',100000.00,12,130000.00,'PVN8142','UNAVAILABLE',0,'Sách Trẻ','Quyển',120000.00),(62,'2022-12-27 17:15:00','2022-12-29 21:53:17.210047',1,'PVN77777',31,6,1,'Sach hay',100000.00,80,150000.00,'PVN77777','AVAILABLE',0,'Sach Thieu Nhi','Quyen',120000.00),(63,'2022-12-28 14:26:49','2022-12-29 12:56:02.214898',0,'PVN4099',NULL,NULL,1,'',0.00,0,0.00,'PVN4099','UNAVAILABLE',0,'Sách','',0.00),(64,'2022-12-28 14:38:43','2022-12-29 21:53:17.210047',1,'PVN7644',45,4,1,'Ngon nhức nách',8000.00,200,12000.00,'PVN7644','AVAILABLE',1,'Bánh cosy','Quyển',11000.00),(65,'2022-12-28 15:07:43','2022-12-29 12:56:02.214898',0,'PVN6270',NULL,NULL,1,'',0.00,0,0.00,'PVN6270','UNAVAILABLE',0,'Sách Báo','',0.00),(66,'2022-12-28 15:10:48','2022-12-29 12:56:02.211900',0,'PVN9667',NULL,NULL,1,'',0.00,0,0.00,'PVN9667','UNAVAILABLE',0,'Sahs','',0.00),(67,'2022-12-30 08:30:28','2022-12-30 08:38:58.643037',1,'PVN4989',30,4,1,'sach moi them vao',110000.00,0,150000.00,'PVN4989','UNAVAILABLE',1,'Sách trẻ','quyen',120000.00),(68,'2022-12-30 09:26:42','2022-12-30 08:38:58.643037',1,'sghc',46,2,0,'Them moi',70000.00,6,120000.00,'SKU155','AVAILABLE',1,'Sach Heo','Hộp',80000.00),(69,'2022-12-30 09:26:42','2023-01-30 09:15:02.720966',1,'ccavwcava',30,33,0,'Them moi',300000.00,8,350000.00,'SKU7563','UNAVAILABLE',0,'Miến khô','Thùng',330000.00),(70,'2023-01-05 09:10:01','2023-01-09 15:03:45.679657',0,'PVN6324',46,33,0,'',18000.00,0,25000.00,'PVN6324','AVAILABLE',0,'Cơm gà','Dĩa',23000.00);

INSERT INTO `item` VALUES (2,'2022-12-22 12:03:46','2022-12-30 16:01:35.414289',61,0,1,18000.00,25,NULL,100,39,NULL,0),(3,'2022-12-22 13:51:16','2022-12-30 09:58:55.697956',97,0,1,8000.00,26,NULL,100,3,NULL,0),(4,'2022-12-23 08:52:56','2022-12-30 09:20:15.860936',89,0,1,15000.00,31,NULL,100,11,NULL,0),(5,'2022-12-23 08:55:00',NULL,1000,0,1,8000.00,33,NULL,1000,0,NULL,0),(6,'2022-12-23 11:29:36',NULL,7,0,1,120000.00,47,NULL,7,0,NULL,0),(7,'2022-12-23 14:06:25',NULL,7,0,1,120000.00,50,NULL,7,0,NULL,0),(8,'2022-12-23 14:37:10',NULL,100,0,1,150000.00,52,NULL,100,0,NULL,0),(9,'2022-12-26 14:58:10',NULL,50,0,1,1200000.00,56,NULL,50,0,NULL,0),(10,'2022-12-27 16:57:07',NULL,7,0,1,120000.00,59,NULL,7,0,NULL,0),(11,'2022-12-27 17:15:00',NULL,20,0,1,100000.00,62,NULL,20,0,NULL,0),(12,'2022-12-28 14:38:44',NULL,100,0,1,8000.00,64,NULL,100,0,NULL,0),(13,'2022-12-30 08:30:29',NULL,15,0,1,110000.00,67,NULL,15,0,NULL,0),(14,'2022-12-30 09:26:42',NULL,7,0,1,120000.00,68,NULL,7,0,NULL,0),(15,'2023-01-05 09:10:02',NULL,0,0,1,0.00,70,NULL,0,0,NULL,0);

INSERT INTO `media` (`cloud_id`, `file_name`, `file_type`, `file_url`, `is_main`, `product_id`, `variation_id`) VALUES ('brudncqea0zwx9m2jf4n','so-bia-da-cao-cap-2','image','http://res.cloudinary.com/ngdquochuy241/image/upload/v1671867654/brudncqea0zwx9m2jf4n.jpg',1,53,NULL),('f3dkjp3jauskxrclacuh','song-cham','image','http://res.cloudinary.com/ngdquochuy241/image/upload/v1672135316/f3dkjp3jauskxrclacuh.jpg',1,61,NULL),('g2rrdywxpywv5vomebzb','mucdua','image','http://res.cloudinary.com/ngdquochuy241/image/upload/v1671696092/g2rrdywxpywv5vomebzb.jpg',1,29,NULL),('gctiujadhsicaaufrb9l','308037401_1735262966853672_2236171570854541653_n','image','http://res.cloudinary.com/ngdquochuy241/image/upload/v1671856611/gctiujadhsicaaufrb9l.jpg',1,47,NULL),('gxm8pcwtwqxytwzww5bl','Jimmy Choo','image','http://res.cloudinary.com/ngdquochuy241/image/upload/v1672041408/gxm8pcwtwqxytwzww5bl.jpg',0,56,NULL),('hahjxirbxmulkkfe7pd9','nha-gia-kim','image','http://res.cloudinary.com/ngdquochuy241/image/upload/v1672364177/hahjxirbxmulkkfe7pd9.jpg',0,67,NULL),('jwms3gmctb9e8vvecsn4','Hop-Banh-Quy-Cosy-Marie-576gr','image','http://res.cloudinary.com/ngdquochuy241/image/upload/v1672214131/jwms3gmctb9e8vvecsn4.png', 1,64,NULL),('larkxi4fbbzym0dw71sg','bbl','image','http://res.cloudinary.com/ngdquochuy241/image/upload/v1671691878/larkxi4fbbzym0dw71sg.jpg', 1,27,NULL),('lbs07ocwcwj0clk9hlua','sua-tuoi-tiet-trung-dutch-lady-co-duong-hop-giay-1-lit-1630561432','image','http://res.cloudinary.com/ngdquochuy241/image/upload/v1671691801/lbs07ocwcwj0clk9hlua.jpg',1,26,NULL),('ljkt7wh8zymc6zmwanpj','Hop-Banh-Quy-Cosy-Marie-576gr','image','http://res.cloudinary.com/ngdquochuy241/image/upload/v1671760321/ljkt7wh8zymc6zmwanpj.png',1,31,NULL),('lnfhnzesfewxyhfrklhw','kem-oc-que-vani-socola-celano-cay-110ml-66g-202210111612070166_300x300','image','http://res.cloudinary.com/ngdquochuy241/image/upload/v1671760455/lnfhnzesfewxyhfrklhw.png',1,33,NULL),('nw2zew1p5zvdhj1bxof8','keobap1','image','http://res.cloudinary.com/ngdquochuy241/image/upload/v1671769814/nw2zew1p5zvdhj1bxof8.jpg', 1,49,NULL),('o5q3mjhnh1t6snv9xfu9','kem-hop-chuoi-viet-quat-va-phuc-bon-tu-walls-tub-3in1-hop-470g-202201051215436973','image','http://res.cloudinary.com/ngdquochuy241/image/upload/v1671685385/o5q3mjhnh1t6snv9xfu9.jpg',0,25,NULL),('o8obgcd7bxmsjp482uzg','kem-hop-chuoi-viet-quat-va-phuc-bon-tu-walls-tub-3in1-hop-470g-202201051215436973','image','http://res.cloudinary.com/ngdquochuy241/image/upload/v1671864663/o8obgcd7bxmsjp482uzg.jpg',1,50,NULL),('od6bmvwmlxgtp24dbe8p','Sapien','image','http://res.cloudinary.com/ngdquochuy241/image/upload/v1672135291/od6bmvwmlxgtp24dbe8p.jpg',0,61,NULL),('pwueufkyy6w7irg2qgv8','image_1024','image','http://res.cloudinary.com/ngdquochuy241/image/upload/v1671691935/pwueufkyy6w7irg2qgv8.jpg',1,28,NULL),('pxqsddaxeg5ckpqovjgl','nuoc-hoa-charme-5','image','http://res.cloudinary.com/ngdquochuy241/image/upload/v1672041403/pxqsddaxeg5ckpqovjgl.jpg',0,56,NULL),('rzdypu7rl4jdcpjdagza','moi-lan-vap-nga-la-mot-lan-truong-thanh','image','http://res.cloudinary.com/ngdquochuy241/image/upload/v1672135308/rzdypu7rl4jdcpjdagza.jpg',0,61,NULL),('vrm5rkmygtfcmnkpwvbf','so-bia-da-cao-cap-2','image','http://res.cloudinary.com/ngdquochuy241/image/upload/v1671935822/vrm5rkmygtfcmnkpwvbf.jpg', 0,50,NULL),('vs3mwtvwzf7uoowhhdmo','BleuChanel','image','http://res.cloudinary.com/ngdquochuy241/image/upload/v1672041399/vs3mwtvwzf7uoowhhdmo.jpg',0,56,NULL),('wj6shtc8xo5fdtygcz1q','Sapien','image','http://res.cloudinary.com/ngdquochuy241/image/upload/v1672363793/wj6shtc8xo5fdtygcz1q.jpg',1,67,NULL),('xqmja2yspbiymhjurede','d5bda712d29ce88c69a1adafbbac6862','image','http://res.cloudinary.com/ngdquochuy241/image/upload/v1671760414/xqmja2yspbiymhjurede.jpg', 1,32,NULL),('xuym6vkrlhscmffjak82','dac-nhan-tam','image','http://res.cloudinary.com/ngdquochuy241/image/upload/v1672136058/xuym6vkrlhscmffjak82.png',1,62,NULL),('zxzny8pv7kibbus3hycw','308037401_1735262966853672_2236171570854541653_n','image','http://res.cloudinary.com/ngdquochuy241/image/upload/v1671780998/zxzny8pv7kibbus3hycw.jpg', 1,52,NULL);

INSERT INTO `order_status` (`id`, `name`)  VALUES ('CANCELED','Đã hủy'),('CHECKOUT','Đang giao dịch'),('COMPLETE','Hoàn thành'),('DELIVERED','Đã nhận hàng'),('FAILED','Không thành công'),('INTRANSIT','Hàng đang về'),('NEW','Đơn mới'),('PAID','Đã thanh toán'),('PARTIAL_PAYMENT','Thanh toán một phần'),('RETURNED','Hoàn trả'),('SHIPPED','Đã giao hàng'),('SHIPPING','Đang giao'),('UNPAID','Chưa thanh toán');

INSERT INTO `product_pricing_policy` VALUES (20000.00,1,70),(10000.00,2,70),(15000.00,3,70);

INSERT INTO `tax` (`id`, `code`, `tax`, `title`, `is_default`)  VALUES (1,'VAT0',0,'Thuế suất 0%', '0'),(2,'VAT5',5,'Thuế suất 5%','0'),(3,'VAT8',8,'Thuế suất 8%','0'),(4,'VAT10',10,'Thuế suất 10%','0'),(5,'VAT12',12,'Thuế suất 12%','0'),(12,'VAT15',15,'Thuế suất 15%', '0'),(13,'VAT3',3,'Thuế suất 3%','0');

INSERT INTO `product_tax` VALUES ('TAX_PURCHASE',25,1),('TAX_SALE',25,1),('TAX_PURCHASE',26,1),('TAX_SALE',26,1),('TAX_SALE',28,1),('TAX_PURCHASE',32,1),('TAX_SALE',32,1),('TAX_PURCHASE',33,1),('TAX_SALE',33,1),('TAX_PURCHASE',47,1),('TAX_PURCHASE',49,1),('TAX_SALE',49,1),('TAX_PURCHASE',50,1),('TAX_PURCHASE',56,1),('TAX_SALE',56,1),('TAX_PURCHASE',59,1),('TAX_SALE',59,1),('TAX_PURCHASE',63,1),('TAX_SALE',63,1),('TAX_PURCHASE',64,1),('TAX_PURCHASE',65,1),('TAX_SALE',65,1),('TAX_PURCHASE',66,1),('TAX_SALE',66,1),('TAX_PURCHASE',67,1),('TAX_SALE',67,1),('TAX_PURCHASE',68,1),('TAX_PURCHASE',70,1),('TAX_SALE',70,1),('TAX_PURCHASE',48,2),('TAX_PURCHASE',51,2),('TAX_PURCHASE',53,2),('TAX_PURCHASE',60,2),('TAX_SALE',61,2),('TAX_PURCHASE',62,2),('TAX_SALE',64,2),('TAX_PURCHASE',69,2),('TAX_PURCHASE',28,3),('TAX_PURCHASE',29,3),('TAX_SALE',29,3),('TAX_SALE',31,3),('TAX_SALE',47,3),('TAX_SALE',50,3),('TAX_SALE',52,3),('TAX_SALE',68,3),('TAX_PURCHASE',31,4),('TAX_SALE',48,4),('TAX_SALE',51,4),('TAX_PURCHASE',52,4),('TAX_SALE',53,4),('TAX_SALE',60,4),('TAX_PURCHASE',61,4),('TAX_SALE',62,4),('TAX_SALE',69,4);

INSERT INTO `sale_order` VALUES (14,'2022-12-29 17:50:09','2022-12-29 17:50:09.068680','Thành phố Huế',385,NULL,NULL,1,'CucuRela',22000.00,'28 Nguyễn Tri Phương',NULL,NULL,'SON14','CHECKOUT','UNPAID','Tỉnh Thừa Thiên Huế',22000.00,22000.00,NULL),(18,'2022-12-30 09:53:52','2022-12-30 09:53:52.290789','Quận Tân Phú',385,NULL,NULL,1,NULL,1000.00,'51/1 Phùng Chí Kiên',NULL,NULL,'SALE_ORDER00018','CHECKOUT','UNPAID','Thành phố Hồ Chí Minh',1000.00,1000.00,NULL),(19,'2022-12-30 09:58:56','2022-12-30 09:58:55.697956','Thành phố Huế',385,NULL,NULL,1,NULL,1000.00,'75 Huế',NULL,NULL,'SALE_ORDER00019','CHECKOUT','UNPAID','Tỉnh Thừa Thiên Huế',1000.00,1000.00,NULL),(20,'2022-12-30 10:06:01','2022-12-30 10:06:01.254161','Thành phố Huế',385,NULL,NULL,1,NULL,22000.00,'75 Huế',NULL,NULL,'SON00020','CHECKOUT','UNPAID','Tỉnh Thừa Thiên Huế',22000.00,22000.00,NULL),(21,'2022-12-30 16:01:34','2022-12-30 16:01:34.893094','Quận Tân Phú',385,NULL,NULL,1,'PhuocMlz',110000.00,'51/1 Phùng Chí Kiên',NULL,NULL,'SONnull','CHECKOUT','UNPAID','Thành phố Hồ Chí Minh',110000.00,110000.00,NULL),(22,'2022-12-30 16:01:35','2022-12-30 16:01:35.413814','Quận Tân Phú',385,NULL,NULL,1,'PhuocMlz',110000.00,'51/1 Phùng Chí Kiên',NULL,NULL,'SONnull','CHECKOUT','UNPAID','Thành phố Hồ Chí Minh',110000.00,110000.00,NULL);

INSERT INTO `sale_order_item` (`id`, `discount`, `item_id`, `order_id`, `price`, `product_id`, `quantity`, `tax`) VALUES (16,0.00,3,19,1000.00,26,1,1),(17,0.00,2,20,22000.00,25,1,1),(18,0.00,2,21,22000.00,25,5,1),(19,0.00,2,22,22000.00,25,5,1);

INSERT INTO `supplier` (`id`, `supplier_code`, `name`, `email`, `phone`, `status`, `description`, `employee_id`, `created_at`, `updated_at`, `payment_method_id`)
VALUES (1,'SPL0001','Nguyễn Hữu Anh Khoa','khoa.nguyen@gmail.com','0901234567','AVAILABLE','CodeGym Inc.',1,'2022-12-14 16:31:07',NULL,'CASH'),
       (2,'SPL0002','Nguyễn Phước','ok@gmail.com','0987654321','AVAILABLE','FSoft Inc.',2,'2022-12-14 16:31:07',NULL,'CASH'),(3,'SPL0003','Hoàng Khiêm','hoang.khiem@gmail.com','0123456789','UNAVAILABLE','APTech Inc.',3,'2022-12-14 16:31:07',NULL,'CASH');

INSERT INTO `address` ( `customer_id`, `district_id`, `district_name`, `email`, `full_name`, `line1`, `province_id`, `province_name`, `ward_id`, `ward_name`, `phone_number`,`is_receive_bill`,`is_shipping`)
VALUES
    ( 385, 23, 'Huong Son', 'anhngoc@gmail.com', 'Anh Ngoc', '28 Nguyen Hue', 23, 'Ha Tinh', 1, 'Son My', '0899624654',1,1);
